245.000000	-187500.022352	-148532.840435	-187500.022352	-185318.737962	-184140.957492	-187037.095372	-185272.112223	-187500.022352	0.158000	-0.052000	0.996000	192.000000	4.000000	240.000000	254.000000	96.000000	31.000000	32.000000	0.000000	0.000000	0.000000	1730741801.422763	0.000000
246.000000	-187500.022352	-148618.067636	-187500.022352	-185318.290927	-184136.643605	-187042.996233	-185245.804220	-187500.022352	0.158000	-0.052000	0.996000	192.000000	0.000000	0.000000	0.000000	0.000000	0.000000	0.000000	0.000000	0.000000	0.000000	1730741801.422801	0.000000
247.000000	-187500.022352	-148705.418254	-187500.022352	-185319.006183	-184133.715526	-187050.618178	-185220.882025	-187500.022352	0.158000	-0.052000	0.996000	192.000000	0.000000	0.000000	0.000000	0.000000	0.000000	0.000000	0.000000	0.000000	0.000000	1730741801.422823	0.000000
248.000000	-187500.022352	-148787.136231	-187500.022352	-185317.709782	-184127.904073	-187057.278998	-185195.356333	-187500.022352	0.158000	-0.052000	0.996000	192.000000	0.000000	0.000000	0.000000	0.000000	0.000000	0.000000	0.000000	0.000000	0.000000	1730741801.422846	0.000000
249.000000	-187500.022352	-148868.653043	-187500.022352	-185314.759352	-184121.556177	-187062.956341	-185168.690702	-187500.022352	0.158000	-0.052000	0.996000	192.000000	0.000000	0.000000	0.000000	0.000000	0.000000	0.000000	0.000000	0.000000	0.000000	1730741801.422866	0.000000
250.000000	-187500.022352	-148952.963823	-187500.022352	-185313.217081	-184117.108180	-187068.253704	-185141.533332	-187500.022352	0.158000	-0.052000	0.996000	192.000000	0.000000	0.000000	0.000000	0.000000	0.000000	0.000000	0.000000	0.000000	0.000000	1730741801.422886	0.000000
251.000000	-187500.022352	-149040.314441	-187500.022352	-185314.535834	-184115.096523	-187075.585076	-185117.192282	-187500.022352	0.158000	-0.052000	0.996000	192.000000	0.000000	0.000000	0.000000	0.000000	0.000000	0.000000	0.000000	0.000000	0.000000	1730741801.422905	0.000000
252.000000	-187500.022352	-149126.011029	-187500.022352	-185315.094628	-184113.755419	-187085.218678	-185095.824015	-187500.022352	0.158000	-0.052000	0.996000	192.000000	0.000000	0.000000	0.000000	0.000000	0.000000	0.000000	0.000000	0.000000	0.000000	1730741801.422925	0.000000
253.000000	-187500.022352	-149204.599763	-187500.022352	-185310.289003	-184115.342392	-187090.292524	-185069.784232	-187500.022352	0.158000	-0.052000	0.996000	192.000000	0.000000	0.000000	0.000000	0.000000	0.000000	0.000000	0.000000	0.000000	0.000000	1730741801.422945	0.000000
254.000000	-187500.022352	-149278.718147	-187500.022352	-185300.342476	-184191.226565	-187088.124405	-185001.678467	-187500.022352	0.158000	-0.052000	0.996000	192.000000	0.000000	0.000000	0.000000	0.000000	0.000000	0.000000	0.000000	0.000000	0.000000	1730741801.422964	0.000000
255.000000	-187500.022352	-149352.747125	-187500.022352	-185288.853680	-184221.267309	-187083.810518	-184699.326420	-187500.022352	0.158000	-0.056000	0.994000	192.000000	4.000000	240.000000	254.000000	64.000000	31.000000	16.000000	0.000000	0.000000	0.000000	1730741801.423089	0.000000
0.000000	-187500.022352	-149407.598306	-187500.022352	-185261.182220	-184191.025399	-187064.923294	-184724.673298	-187500.022352	0.158000	-0.056000	0.994000	192.000000	0.000000	0.000000	0.000000	0.000000	0.000000	0.000000	0.000000	0.000000	0.000000	1730741801.423110	0.000000
1.000000	-187500.022352	-149456.861550	-187500.022352	-185229.666260	-184155.508477	-187041.677480	-184993.900060	-187500.022352	0.158000	-0.056000	0.994000	192.000000	0.000000	0.000000	0.000000	0.000000	0.000000	0.000000	0.000000	0.000000	0.000000	1730741801.423130	0.000000
2.000000	-187500.022352	-149508.449377	-187500.022352	-185198.530280	-184120.639756	-187017.984631	-185261.741014	-187500.022352	0.158000	-0.056000	0.994000	192.000000	0.000000	0.000000	0.000000	0.000000	0.000000	0.000000	0.000000	0.000000	0.000000	1730741801.423150	0.000000
3.000000	-187500.022352	-149558.919616	-187500.022352	-185166.276713	-184148.445326	-186993.218898	-185664.675911	-187500.022352	0.158000	-0.056000	0.994000	192.000000	0.000000	0.000000	0.000000	0.000000	0.000000	0.000000	0.000000	0.000000	0.000000	1730741801.423170	0.000000
4.000000	-187500.022352	-149628.254727	-187500.022352	-185152.239818	-184210.940803	-186987.206279	-186143.785553	-187500.022352	0.158000	-0.056000	0.994000	192.000000	0.000000	0.000000	0.000000	0.000000	0.000000	0.000000	0.000000	0.000000	0.000000	1730741801.423270	0.000000
5.000000	-187500.022352	-149711.023237	-187500.022352	-185150.026995	-184210.761989	-186994.492947	-186181.358836	-187500.022352	0.158000	-0.056000	0.994000	192.000000	0.000000	0.000000	0.000000	0.000000	0.000000	0.000000	0.000000	0.000000	0.000000	1730741801.423290	0.000000
6.000000	-187500.022352	-149794.507002	-187500.022352	-185147.858876	-184204.548204	-187000.192642	-186153.620321	-187500.022352	0.158000	-0.056000	0.994000	192.000000	0.000000	0.000000	0.000000	0.000000	0.000000	0.000000	0.000000	0.000000	0.000000	1730741801.423310	0.000000
7.000000	-187500.022352	-149880.583570	-187500.022352	-185147.657710	-184200.390780	-187006.451131	-186125.948861	-187500.022352	0.158000	-0.056000	0.994000	192.000000	0.000000	0.000000	0.000000	0.000000	0.000000	0.000000	0.000000	0.000000	0.000000	1730741801.423330	0.000000
8.000000	-187500.022352	-149965.475496	-187500.022352	-185146.853047	-184196.143949	-187013.134302	-186099.171471	-187500.022352	0.158000	-0.056000	0.994000	192.000000	0.000000	0.000000	0.000000	0.000000	0.000000	0.000000	0.000000	0.000000	0.000000	1730741801.423349	0.000000
9.000000	-187500.022352	-150047.551101	-187500.022352	-185144.640225	-184191.383027	-187019.616308	-186074.048111	-187500.022352	0.156000	-0.050000	0.996000	192.000000	4.000000	224.000000	254.000000	112.000000	31.000000	32.000000	0.000000	0.000000	0.000000	1730741801.423368	0.000000
10.000000	-187500.022352	-150130.587832	-187500.022352	-185141.645091	-184185.772739	-187025.561872	-186047.136610	-187500.022352	0.156000	-0.050000	0.996000	192.000000	0.000000	0.000000	0.000000	0.000000	0.000000	0.000000	0.000000	0.000000	0.000000	1730741801.423389	0.000000
11.000000	-187500.022352	-150218.273725	-187500.022352	-185141.242759	-184182.017646	-187031.999175	-186020.761552	-187500.022352	0.156000	-0.050000	0.996000	192.000000	0.000000	0.000000	0.000000	0.000000	0.000000	0.000000	0.000000	0.000000	0.000000	1730741801.423412	0.000000
12.000000	-187500.022352	-150307.256020	-187500.022352	-185143.612044	-184180.922411	-187040.492837	-185996.733427	-187500.022352	0.156000	-0.050000	0.996000	192.000000	0.000000	0.000000	0.000000	0.000000	0.000000	0.000000	0.000000	0.000000	0.000000	1730741801.423431	0.000000
13.000000	-187500.022352	-150389.823364	-187500.022352	-185142.315643	-184177.457890	-187048.360652	-185972.638246	-187500.022352	0.156000	-0.050000	0.996000	192.000000	0.000000	0.000000	0.000000	0.000000	0.000000	0.000000	0.000000	0.000000	0.000000	1730741801.423451	0.000000
14.000000	-187500.022352	-150469.574388	-187500.022352	-185138.649957	-184172.249934	-187054.395623	-185946.352595	-187500.022352	0.156000	-0.050000	0.996000	192.000000	0.000000	0.000000	0.000000	0.000000	0.000000	0.000000	0.000000	0.000000	0.000000	1730741801.423495	0.000000
15.000000	-187500.022352	-150554.108686	-187500.022352	-185137.845294	-184167.086681	-187060.229428	-185919.441094	-187500.022352	0.156000	-0.050000	0.996000	192.000000	0.000000	0.000000	0.000000	0.000000	0.000000	0.000000	0.000000	0.000000	0.000000	1730741801.423515	0.000000
16.000000	-187500.022352	-150640.744047	-187500.022352	-185138.314681	-184162.593980	-187066.018530	-185893.155443	-187500.022352	0.156000	-0.050000	0.996000	192.000000	0.000000	0.000000	0.000000	0.000000	0.000000	0.000000	0.000000	0.000000	0.000000	1730741801.423534	0.000000
17.000000	-187500.022352	-150723.534909	-187500.022352	-185137.331204	-184158.593018	-187072.746405	-185868.993207	-187500.022352	0.156000	-0.050000	0.996000	192.000000	0.000000	0.000000	0.000000	0.000000	0.000000	0.000000	0.000000	0.000000	0.000000	1730741801.423554	0.000000
18.000000	-187500.022352	-150803.040064	-187500.022352	-185133.821980	-184153.362710	-187078.289637	-185843.333404	-187500.022352	0.156000	-0.050000	0.996000	192.000000	0.000000	0.000000	0.000000	0.000000	0.000000	0.000000	0.000000	0.000000	0.000000	1730741801.423573	0.000000
19.000000	-187500.022352	-150886.926161	-187500.022352	-185132.726745	-184148.110050	-187084.816347	-185816.019573	-187500.022352	0.162000	-0.058000	0.998000	192.000000	5.000000	16.000000	254.000000	48.000000	31.000000	48.000000	0.000000	0.000000	0.000000	1730741801.423610	0.000000
20.000000	-187500.022352	-150976.176676	-187500.022352	-185134.134905	-184146.165448	-187094.137024	-185791.700875	-187500.022352	0.162000	-0.058000	0.998000	192.000000	0.000000	0.000000	0.000000	0.000000	0.000000	0.000000	0.000000	0.000000	0.000000	1730741801.423632	0.000000
21.000000	-187500.022352	-151060.889788	-187500.022352	-185134.716050	-184143.550294	-187102.451873	-185768.566819	-187500.022352	0.162000	-0.058000	0.998000	192.000000	0.000000	0.000000	0.000000	0.000000	0.000000	0.000000	0.000000	0.000000	0.000000	1730741801.423651	0.000000
22.000000	-187500.022352	-151142.540710	-187500.022352	-185131.922082	-184138.476448	-187109.000934	-185743.577569	-187500.022352	0.162000	-0.058000	0.998000	192.000000	0.000000	0.000000	0.000000	0.000000	0.000000	0.000000	0.000000	0.000000	0.000000	1730741801.423671	0.000000
23.000000	-187500.022352	-151225.644496	-187500.022352	-185127.675250	-184134.721355	-187113.627745	-185715.570833	-187500.022352	0.162000	-0.058000	0.998000	192.000000	0.000000	0.000000	0.000000	0.000000	0.000000	0.000000	0.000000	0.000000	0.000000	1730741801.423690	0.000000
24.000000	-187500.022352	-151303.428567	-187500.022352	-185120.857968	-184193.171167	-187111.705495	-185680.612705	-187500.022352	0.162000	-0.058000	0.998000	192.000000	0.000000	0.000000	0.000000	0.000000	0.000000	0.000000	0.000000	0.000000	0.000000	1730741801.423710	0.000000
25.000000	-187500.022352	-151384.319530	-187500.022352	-185117.169931	-184239.640443	-187116.377010	-185652.673024	-187500.022352	0.162000	-0.058000	0.998000	192.000000	0.000000	0.000000	0.000000	0.000000	0.000000	0.000000	0.000000	0.000000	0.000000	1730741801.423729	0.000000
26.000000	-187500.022352	-151464.517589	-187500.022352	-185113.951279	-184235.728888	-187122.635498	-185628.242568	-187500.022352	0.162000	-0.058000	0.998000	192.000000	0.000000	0.000000	0.000000	0.000000	0.000000	0.000000	0.000000	0.000000	0.000000	1730741801.423749	0.000000
27.000000	-187500.022352	-151548.336631	-187500.022352	-185111.403181	-184230.319766	-187128.782228	-185601.420474	-187500.022352	0.162000	-0.058000	0.998000	192.000000	0.000000	0.000000	0.000000	0.000000	0.000000	0.000000	0.000000	0.000000	0.000000	1730741801.423768	0.000000
28.000000	-187500.022352	-151636.111931	-187500.022352	-185112.207843	-184227.503446	-187136.851208	-185576.297113	-187500.022352	0.162000	-0.058000	0.998000	192.000000	0.000000	0.000000	0.000000	0.000000	0.000000	0.000000	0.000000	0.000000	0.000000	1730741801.423809	0.000000
29.000000	-187500.022352	-151721.964982	-187500.022352	-185112.654878	-184225.514141	-187144.696670	-185552.671320	-187500.022352	0.166000	-0.048000	0.996000	192.000000	5.000000	48.000000	254.000000	128.000000	31.000000	32.000000	0.000000	0.000000	0.000000	1730741801.423829	0.000000
30.000000	-187500.022352	-151803.012407	-187500.022352	-185110.039724	-184220.820274	-187151.491600	-185528.062049	-187500.022352	0.166000	-0.048000	0.996000	192.000000	0.000000	0.000000	0.000000	0.000000	0.000000	0.000000	0.000000	0.000000	0.000000	1730741801.423850	0.000000
31.000000	-187500.022352	-151884.171591	-187500.022352	-185107.513977	-184214.315917	-187156.386632	-185500.703514	-187500.022352	0.166000	-0.048000	0.996000	192.000000	0.000000	0.000000	0.000000	0.000000	0.000000	0.000000	0.000000	0.000000	0.000000	1730741801.423870	0.000000
32.000000	-187500.022352	-151968.080040	-187500.022352	-185105.949355	-184209.286774	-187161.795755	-185472.808537	-187500.022352	0.166000	-0.048000	0.996000	192.000000	0.000000	0.000000	0.000000	0.000000	0.000000	0.000000	0.000000	0.000000	0.000000	1730741801.423891	0.000000
33.000000	-187500.022352	-152053.597814	-187500.022352	-185106.396390	-184205.844606	-187169.015368	-185448.355728	-187500.022352	0.166000	-0.048000	0.996000	192.000000	0.000000	0.000000	0.000000	0.000000	0.000000	0.000000	0.000000	0.000000	0.000000	1730741801.423914	0.000000
34.000000	-187500.022352	-152137.126283	-187500.022352	-185104.362381	-184201.575422	-187175.609133	-185424.081734	-187500.022352	0.166000	-0.048000	0.996000	192.000000	0.000000	0.000000	0.000000	0.000000	0.000000	0.000000	0.000000	0.000000	0.000000	1730741801.423941	0.000000
35.000000	-187500.022352	-152220.453587	-187500.022352	-185101.411951	-184196.121597	-187181.174717	-185398.153710	-187500.022352	0.166000	-0.048000	0.996000	192.000000	0.000000	0.000000	0.000000	0.000000	0.000000	0.000000	0.000000	0.000000	0.000000	1730741801.423960	0.000000
36.000000	-187500.022352	-152306.820727	-187500.022352	-185101.635468	-184192.545318	-187188.729607	-185373.164460	-187500.022352	0.166000	-0.048000	0.996000	192.000000	0.000000	0.000000	0.000000	0.000000	0.000000	0.000000	0.000000	0.000000	0.000000	1730741801.423979	0.000000
37.000000	-187500.022352	-152393.545496	-187500.022352	-185101.747227	-184189.751350	-187196.418607	-185348.957521	-187500.022352	0.166000	-0.048000	0.996000	192.000000	0.000000	0.000000	0.000000	0.000000	0.000000	0.000000	0.000000	0.000000	0.000000	1730741801.423998	0.000000
38.000000	-187500.022352	-152476.045784	-187500.022352	-185099.914384	-184186.063312	-187204.420531	-185325.443485	-187500.022352	0.166000	-0.048000	0.996000	192.000000	0.000000	0.000000	0.000000	0.000000	0.000000	0.000000	0.000000	0.000000	0.000000	1730741801.424017	0.000000
39.000000	-187500.022352	-152557.160265	-187500.022352	-185096.718084	-184179.760120	-187210.030819	-185299.157834	-187500.022352	0.166000	-0.052000	1.004000	192.000000	5.000000	48.000000	254.000000	96.000000	31.000000	96.000000	0.000000	0.000000	0.000000	1730741801.424037	0.000000
40.000000	-187500.022352	-152641.046362	-187500.022352	-185093.946468	-184173.099300	-187214.098837	-185269.787642	-187500.022352	0.166000	-0.052000	1.004000	192.000000	0.000000	0.000000	0.000000	0.000000	0.000000	0.000000	0.000000	0.000000	0.000000	1730741801.424056	0.000000
41.000000	-187500.022352	-152727.480558	-187500.022352	-185094.393503	-184170.372387	-187221.519616	-185244.351357	-187500.022352	0.166000	-0.052000	1.004000	192.000000	0.000000	0.000000	0.000000	0.000000	0.000000	0.000000	0.000000	0.000000	0.000000	1730741801.424075	0.000000
42.000000	-187500.022352	-152809.064425	-187500.022352	-185093.141805	-184167.220791	-187229.029802	-185220.457342	-187500.022352	0.166000	-0.052000	1.004000	192.000000	0.000000	0.000000	0.000000	0.000000	0.000000	0.000000	0.000000	0.000000	0.000000	1730741801.424094	0.000000
43.000000	-187500.022352	-152888.882505	-187500.022352	-185090.213727	-184162.169297	-187235.578863	-185195.669257	-187500.022352	0.166000	-0.052000	1.004000	192.000000	0.000000	0.000000	0.000000	0.000000	0.000000	0.000000	0.000000	0.000000	0.000000	1730741801.424149	0.000000
44.000000	-187500.022352	-152973.349747	-187500.022352	-185089.520823	-184158.525963	-187242.664366	-185171.261152	-187500.022352	0.166000	-0.052000	1.004000	192.000000	0.000000	0.000000	0.000000	0.000000	0.000000	0.000000	0.000000	0.000000	0.000000	1730741801.424169	0.000000
45.000000	-187500.022352	-153059.649832	-187500.022352	-185090.660762	-184155.597884	-187249.861628	-185145.578998	-187500.022352	0.166000	-0.052000	1.004000	192.000000	0.000000	0.000000	0.000000	0.000000	0.000000	0.000000	0.000000	0.000000	0.000000	1730741801.424190	0.000000
46.000000	-187500.022352	-153142.843025	-187500.022352	-185089.587878	-184152.245122	-187258.198828	-185122.087314	-187500.022352	0.166000	-0.052000	1.004000	192.000000	0.000000	0.000000	0.000000	0.000000	0.000000	0.000000	0.000000	0.000000	0.000000	1730741801.424209	0.000000
47.000000	-187500.022352	-153220.895317	-187500.022352	-185084.223459	-184151.574570	-187262.065680	-185088.135015	-187500.022352	0.166000	-0.052000	1.004000	192.000000	0.000000	0.000000	0.000000	0.000000	0.000000	0.000000	0.000000	0.000000	0.000000	1730741801.424229	0.000000
48.000000	-187500.022352	-153288.464640	-187500.022352	-185067.347892	-184217.534568	-187252.320320	-184834.107439	-187500.022352	0.166000	-0.052000	1.004000	192.000000	0.000000	0.000000	0.000000	0.000000	0.000000	0.000000	0.000000	0.000000	0.000000	1730741801.424291	0.000000
49.000000	-187500.022352	-153347.875577	-187500.022352	-185042.582159	-184238.656967	-187233.656613	-184708.021248	-187500.022352	0.160000	-0.044000	0.996000	192.000000	5.000000	0.000000	254.000000	160.000000	31.000000	32.000000	0.000000	0.000000	0.000000	1730741801.424326	0.000000
50.000000	-187500.022352	-153401.184487	-187500.022352	-185014.933051	-184206.917489	-187214.009430	-184959.813650	-187500.022352	0.160000	-0.044000	0.996000	192.000000	0.000000	0.000000	0.000000	0.000000	0.000000	0.000000	0.000000	0.000000	0.000000	1730741801.424348	0.000000
51.000000	-187500.022352	-153450.626546	-187500.022352	-184984.020589	-184172.875783	-187192.931735	-185230.605034	-187500.022352	0.160000	-0.044000	0.996000	192.000000	0.000000	0.000000	0.000000	0.000000	0.000000	0.000000	0.000000	0.000000	0.000000	1730741801.424368	0.000000
52.000000	-187500.022352	-153501.744986	-187500.022352	-184952.035243	-184148.266512	-187170.132955	-185576.587686	-187500.022352	0.160000	-0.044000	0.996000	192.000000	0.000000	0.000000	0.000000	0.000000	0.000000	0.000000	0.000000	0.000000	0.000000	1730741801.424389	0.000000
53.000000	-187500.022352	-153563.100524	-187500.022352	-184928.834132	-184217.199292	-187154.062051	-186106.592251	-187500.022352	0.160000	-0.044000	0.996000	192.000000	0.000000	0.000000	0.000000	0.000000	0.000000	0.000000	0.000000	0.000000	0.000000	1730741801.424411	0.000000
54.000000	-187500.022352	-153644.438522	-187500.022352	-184925.347260	-184256.650121	-187158.241827	-186208.829130	-187500.022352	0.160000	-0.044000	0.996000	192.000000	0.000000	0.000000	0.000000	0.000000	0.000000	0.000000	0.000000	0.000000	0.000000	1730741801.424430	0.000000
55.000000	-187500.022352	-153724.770692	-187500.022352	-184923.670879	-184251.889199	-187164.097984	-186182.923458	-187500.022352	0.160000	-0.044000	0.996000	192.000000	0.000000	0.000000	0.000000	0.000000	0.000000	0.000000	0.000000	0.000000	0.000000	1730741801.424450	0.000000
56.000000	-187500.022352	-153805.527545	-187500.022352	-184918.909957	-184244.468420	-187168.076595	-186153.866190	-187500.022352	0.160000	-0.044000	0.996000	192.000000	0.000000	0.000000	0.000000	0.000000	0.000000	0.000000	0.000000	0.000000	0.000000	1730741801.424474	0.000000
57.000000	-187500.022352	-153891.402947	-187500.022352	-184917.926481	-184239.707499	-187173.932752	-186125.904158	-187500.022352	0.160000	-0.044000	0.996000	192.000000	0.000000	0.000000	0.000000	0.000000	0.000000	0.000000	0.000000	0.000000	0.000000	1730741801.424493	0.000000
58.000000	-187500.022352	-153976.138410	-187500.022352	-184917.635908	-184236.734717	-187182.225249	-186100.512576	-187500.022352	0.160000	-0.044000	0.996000	192.000000	0.000000	0.000000	0.000000	0.000000	0.000000	0.000000	0.000000	0.000000	0.000000	1730741801.424548	0.000000
59.000000	-187500.022352	-154058.973975	-187500.022352	-184916.697135	-184233.314900	-187190.271877	-186076.327989	-187500.022352	0.156000	-0.044000	0.996000	192.000000	4.000000	224.000000	254.000000	160.000000	31.000000	32.000000	0.000000	0.000000	0.000000	1730741801.424569	0.000000
60.000000	-187500.022352	-154142.837720	-187500.022352	-184914.529015	-184229.313937	-187198.117339	-186051.674015	-187500.022352	0.156000	-0.044000	0.996000	192.000000	0.000000	0.000000	0.000000	0.000000	0.000000	0.000000	0.000000	0.000000	0.000000	1730741801.424589	0.000000
61.000000	-187500.022352	-154228.042570	-187500.022352	-184913.679649	-184224.843588	-187204.375828	-186024.941328	-187500.022352	0.156000	-0.044000	0.996000	192.000000	0.000000	0.000000	0.000000	0.000000	0.000000	0.000000	0.000000	0.000000	0.000000	1730741801.424608	0.000000
62.000000	-187500.022352	-154314.700283	-187500.022352	-184913.232614	-184222.161379	-187211.282517	-185999.370933	-187500.022352	0.156000	-0.044000	0.996000	192.000000	0.000000	0.000000	0.000000	0.000000	0.000000	0.000000	0.000000	0.000000	0.000000	1730741801.424627	0.000000
63.000000	-187500.022352	-154395.993578	-187500.022352	-184911.377419	-184218.294527	-187218.278613	-185975.208697	-187500.022352	0.156000	-0.044000	0.996000	192.000000	0.000000	0.000000	0.000000	0.000000	0.000000	0.000000	0.000000	0.000000	0.000000	1730741801.424654	0.000000
64.000000	-187500.022352	-154474.984643	-187500.022352	-184907.108236	-184210.627879	-187223.039534	-185948.721880	-187500.022352	0.156000	-0.044000	0.996000	192.000000	0.000000	0.000000	0.000000	0.000000	0.000000	0.000000	0.000000	0.000000	0.000000	1730741801.424673	0.000000
65.000000	-187500.022352	-154559.653051	-187500.022352	-184905.208338	-184205.241109	-187228.605119	-185921.788027	-187500.022352	0.156000	-0.044000	0.996000	192.000000	0.000000	0.000000	0.000000	0.000000	0.000000	0.000000	0.000000	0.000000	0.000000	1730741801.424692	0.000000
66.000000	-187500.022352	-154647.070723	-187500.022352	-184905.454207	-184201.933050	-187236.048250	-185896.239984	-187500.022352	0.156000	-0.044000	0.996000	192.000000	0.000000	0.000000	0.000000	0.000000	0.000000	0.000000	0.000000	0.000000	0.000000	1730741801.424711	0.000000
67.000000	-187500.022352	-154731.403855	-187500.022352	-184904.448379	-184198.714399	-187243.647843	-185871.317789	-187500.022352	0.156000	-0.044000	0.996000	192.000000	0.000000	0.000000	0.000000	0.000000	0.000000	0.000000	0.000000	0.000000	0.000000	1730741801.424730	0.000000
68.000000	-187500.022352	-154811.713673	-187500.022352	-184902.503777	-184194.512271	-187250.643939	-185846.730870	-187500.022352	0.156000	-0.044000	0.996000	192.000000	0.000000	0.000000	0.000000	0.000000	0.000000	0.000000	0.000000	0.000000	0.000000	1730741801.424749	0.000000
69.000000	-187500.022352	-154893.208133	-187500.022352	-184900.112140	-184189.349018	-187256.880076	-185820.176997	-187500.022352	0.156000	-0.046000	0.994000	192.000000	4.000000	224.000000	254.000000	144.000000	31.000000	16.000000	0.000000	0.000000	0.000000	1730741801.424767	0.000000
70.000000	-187500.022352	-154977.742431	-187500.022352	-184900.067437	-184185.772739	-187263.876172	-185794.539546	-187500.022352	0.156000	-0.046000	0.994000	192.000000	0.000000	0.000000	0.000000	0.000000	0.000000	0.000000	0.000000	0.000000	0.000000	1730741801.424788	0.000000
71.000000	-187500.022352	-155060.354478	-187500.022352	-184899.285126	-184182.442329	-187270.916971	-185769.751462	-187500.022352	0.156000	-0.046000	0.994000	192.000000	0.000000	0.000000	0.000000	0.000000	0.000000	0.000000	0.000000	0.000000	0.000000	1730741801.424807	0.000000
72.000000	-187500.022352	-155139.814930	-187500.022352	-184895.731198	-184176.295599	-187275.588486	-185743.331700	-187500.022352	0.156000	-0.046000	0.994000	192.000000	0.000000	0.000000	0.000000	0.000000	0.000000	0.000000	0.000000	0.000000	0.000000	1730741801.424826	0.000000
73.000000	-187500.022352	-155220.951762	-187500.022352	-184893.205451	-184170.372387	-187281.109367	-185716.397848	-187500.022352	0.156000	-0.046000	0.994000	192.000000	0.000000	0.000000	0.000000	0.000000	0.000000	0.000000	0.000000	0.000000	0.000000	1730741801.424866	0.000000
74.000000	-187500.022352	-155305.106080	-187500.022352	-184893.496024	-184167.176088	-187287.814890	-185689.508699	-187500.022352	0.156000	-0.046000	0.994000	192.000000	0.000000	0.000000	0.000000	0.000000	0.000000	0.000000	0.000000	0.000000	0.000000	1730741801.424885	0.000000
75.000000	-187500.022352	-155389.170991	-187500.022352	-184893.138396	-184164.315064	-187295.861518	-185666.061719	-187500.022352	0.156000	-0.046000	0.994000	192.000000	0.000000	0.000000	0.000000	0.000000	0.000000	0.000000	0.000000	0.000000	0.000000	1730741801.424905	0.000000
76.000000	-187500.022352	-155467.871483	-187500.022352	-184887.483405	-184177.770815	-187300.443626	-185639.530199	-187500.022352	0.156000	-0.046000	0.994000	192.000000	0.000000	0.000000	0.000000	0.000000	0.000000	0.000000	0.000000	0.000000	0.000000	1730741801.424924	0.000000
77.000000	-187500.022352	-155541.878109	-187500.022352	-184876.866326	-184256.292493	-187299.124873	-185605.466140	-187500.022352	0.156000	-0.046000	0.994000	192.000000	0.000000	0.000000	0.000000	0.000000	0.000000	0.000000	0.000000	0.000000	0.000000	1730741801.424950	0.000000
78.000000	-187500.022352	-155625.853613	-187500.022352	-184875.145242	-184273.346874	-187305.137492	-185577.660570	-187500.022352	0.156000	-0.046000	0.994000	192.000000	0.000000	0.000000	0.000000	0.000000	0.000000	0.000000	0.000000	0.000000	0.000000	1730741801.424976	0.000000
79.000000	-187500.022352	-155708.867992	-187500.022352	-184874.608800	-184270.619961	-187312.558271	-185552.716023	-187500.022352	0.158000	-0.040000	0.994000	192.000000	4.000000	240.000000	254.000000	192.000000	31.000000	16.000000	0.000000	0.000000	0.000000	1730741801.424995	0.000000
80.000000	-187500.022352	-155787.210856	-187500.022352	-184870.920762	-184264.987321	-187317.475655	-185526.877406	-187500.022352	0.158000	-0.040000	0.994000	192.000000	0.000000	0.000000	0.000000	0.000000	0.000000	0.000000	0.000000	0.000000	0.000000	1730741801.425017	0.000000
81.000000	-187500.022352	-155867.900654	-187500.022352	-184867.880925	-184258.773537	-187322.057762	-185500.189424	-187500.022352	0.158000	-0.040000	0.994000	192.000000	0.000000	0.000000	0.000000	0.000000	0.000000	0.000000	0.000000	0.000000	0.000000	1730741801.425044	0.000000
82.000000	-187500.022352	-155952.747876	-187500.022352	-184866.428061	-184254.191429	-187328.606824	-185473.412034	-187500.022352	0.158000	-0.040000	0.994000	192.000000	0.000000	0.000000	0.000000	0.000000	0.000000	0.000000	0.000000	0.000000	0.000000	1730741801.425071	0.000000
83.000000	-187500.022352	-156037.416284	-187500.022352	-184866.025730	-184251.039833	-187337.033431	-185448.355728	-187500.022352	0.158000	-0.040000	0.994000	192.000000	0.000000	0.000000	0.000000	0.000000	0.000000	0.000000	0.000000	0.000000	0.000000	1730741801.425091	0.000000
84.000000	-187500.022352	-156120.140090	-187500.022352	-184865.154012	-184248.894065	-187346.085888	-185425.176969	-187500.022352	0.158000	-0.040000	0.994000	192.000000	0.000000	0.000000	0.000000	0.000000	0.000000	0.000000	0.000000	0.000000	0.000000	1730741801.425111	0.000000
85.000000	-187500.022352	-156201.656902	-187500.022352	-184862.136526	-184244.244903	-187351.874989	-185400.210071	-187500.022352	0.158000	-0.040000	0.994000	192.000000	0.000000	0.000000	0.000000	0.000000	0.000000	0.000000	0.000000	0.000000	0.000000	1730741801.425131	0.000000
86.000000	-187500.022352	-156286.615883	-187500.022352	-184860.236628	-184238.545208	-187357.351167	-185373.097405	-187500.022352	0.158000	-0.040000	0.994000	192.000000	0.000000	0.000000	0.000000	0.000000	0.000000	0.000000	0.000000	0.000000	0.000000	1730741801.425150	0.000000
87.000000	-187500.022352	-156372.200712	-187500.022352	-184860.191925	-184234.700708	-187363.967283	-185346.945864	-187500.022352	0.158000	-0.040000	0.994000	192.000000	0.000000	0.000000	0.000000	0.000000	0.000000	0.000000	0.000000	0.000000	0.000000	1730741801.425207	0.000000
88.000000	-187500.022352	-156453.069324	-187500.022352	-184857.219143	-184229.425696	-187369.979903	-185320.861378	-187500.022352	0.158000	-0.040000	0.994000	192.000000	0.000000	0.000000	0.000000	0.000000	0.000000	0.000000	0.000000	0.000000	0.000000	1730741801.425228	0.000000
89.000000	-187500.022352	-156530.808691	-187500.022352	-184853.329939	-184223.390725	-187375.187859	-185295.492148	-187500.022352	0.162000	-0.040000	0.990000	192.000000	5.000000	16.000000	254.000000	192.000000	30.000000	240.000000	0.000000	0.000000	0.000000	1730741801.425248	0.000000
90.000000	-187500.022352	-156611.833765	-187500.022352	-184851.698262	-184217.914548	-187381.558106	-185269.340607	-187500.022352	0.162000	-0.040000	0.990000	192.000000	0.000000	0.000000	0.000000	0.000000	0.000000	0.000000	0.000000	0.000000	0.000000	1730741801.425270	0.000000
91.000000	-187500.022352	-156698.335016	-187500.022352	-184852.413518	-184215.724077	-187389.940010	-185245.066612	-187500.022352	0.162000	-0.040000	0.990000	192.000000	0.000000	0.000000	0.000000	0.000000	0.000000	0.000000	0.000000	0.000000	0.000000	1730741801.425289	0.000000
92.000000	-187500.022352	-156782.824610	-187500.022352	-184852.190000	-184213.533606	-187399.014819	-185222.021964	-187500.022352	0.162000	-0.040000	0.990000	192.000000	0.000000	0.000000	0.000000	0.000000	0.000000	0.000000	0.000000	0.000000	0.000000	1730741801.425310	0.000000
93.000000	-187500.022352	-156863.335593	-187500.022352	-184848.457259	-184208.392705	-187405.206252	-185196.205699	-187500.022352	0.162000	-0.040000	0.990000	192.000000	0.000000	0.000000	0.000000	0.000000	0.000000	0.000000	0.000000	0.000000	0.000000	1730741801.425343	0.000000
94.000000	-187500.022352	-156946.729952	-187500.022352	-184845.283311	-184202.715361	-187410.391856	-185169.897696	-187500.022352	0.162000	-0.040000	0.990000	192.000000	0.000000	0.000000	0.000000	0.000000	0.000000	0.000000	0.000000	0.000000	0.000000	1730741801.425363	0.000000
95.000000	-187500.022352	-157031.979505	-187500.022352	-184844.322186	-184198.915565	-187417.566766	-185144.707280	-187500.022352	0.162000	-0.040000	0.990000	192.000000	0.000000	0.000000	0.000000	0.000000	0.000000	0.000000	0.000000	0.000000	0.000000	1730741801.425383	0.000000
96.000000	-187500.022352	-157114.189221	-187500.022352	-184843.070488	-184194.735789	-187423.981717	-185115.985288	-187500.022352	0.162000	-0.040000	0.990000	192.000000	0.000000	0.000000	0.000000	0.000000	0.000000	0.000000	0.000000	0.000000	0.000000	1730741801.425404	0.000000
97.000000	-187500.022352	-157188.665234	-187500.022352	-184835.783820	-184186.242126	-187425.635746	-184909.410466	-187500.022352	0.162000	-0.040000	0.990000	192.000000	0.000000	0.000000	0.000000	0.000000	0.000000	0.000000	0.000000	0.000000	0.000000	1730741801.425432	0.000000
98.000000	-187500.022352	-157238.979010	-187500.022352	-184805.005468	-184222.586062	-187402.546394	-184714.905586	-187500.022352	0.162000	-0.040000	0.990000	192.000000	0.000000	0.000000	0.000000	0.000000	0.000000	0.000000	0.000000	0.000000	0.000000	1730741801.425457	0.000000
99.000000	-187500.022352	-157286.789392	-187500.022352	-184770.337912	-184271.558734	-187375.143155	-184940.322928	-187500.022352	0.162000	-0.042000	0.994000	192.000000	5.000000	16.000000	254.000000	176.000000	31.000000	16.000000	0.000000	0.000000	0.000000	1730741801.425477	0.000000
100.000000	-187500.022352	-157340.835910	-187500.022352	-184741.682975	-184245.563656	-187355.697138	-185211.382533	-187500.022352	0.162000	-0.042000	0.994000	192.000000	0.000000	0.000000	0.000000	0.000000	0.000000	0.000000	0.000000	0.000000	0.000000	1730741801.425501	0.000000
101.000000	-187500.022352	-157391.306149	-187500.022352	-184710.167016	-184212.103094	-187334.261815	-185534.566407	-187500.022352	0.162000	-0.042000	0.994000	192.000000	0.000000	0.000000	0.000000	0.000000	0.000000	0.000000	0.000000	0.000000	0.000000	1730741801.425520	0.000000
102.000000	-187500.022352	-157454.360420	-187500.022352	-184690.050446	-184189.058446	-187322.393039	-186082.564125	-187500.022352	0.162000	-0.042000	0.994000	192.000000	0.000000	0.000000	0.000000	0.000000	0.000000	0.000000	0.000000	0.000000	0.000000	1730741801.425567	0.000000
103.000000	-187500.022352	-157537.575965	-187500.022352	-184687.457643	-184182.822309	-187326.595167	-186239.138095	-187500.022352	0.162000	-0.042000	0.994000	192.000000	0.000000	0.000000	0.000000	0.000000	0.000000	0.000000	0.000000	0.000000	0.000000	1730741801.425598	0.000000
104.000000	-187500.022352	-157619.517460	-187500.022352	-184684.909545	-184182.218812	-187331.736068	-186210.460807	-187500.022352	0.162000	-0.042000	0.994000	192.000000	0.000000	0.000000	0.000000	0.000000	0.000000	0.000000	0.000000	0.000000	0.000000	1730741801.425617	0.000000
105.000000	-187500.022352	-157690.730118	-187500.022352	-184674.068949	-184249.028176	-187330.350260	-186176.843783	-187500.022352	0.162000	-0.042000	0.994000	192.000000	0.000000	0.000000	0.000000	0.000000	0.000000	0.000000	0.000000	0.000000	0.000000	1730741801.425636	0.000000
106.000000	-187500.022352	-157768.648299	-187500.022352	-184667.788108	-184290.311848	-187332.697193	-186147.473591	-187500.022352	0.162000	-0.042000	0.994000	192.000000	0.000000	0.000000	0.000000	0.000000	0.000000	0.000000	0.000000	0.000000	0.000000	1730741801.425656	0.000000
107.000000	-187500.022352	-157853.875500	-187500.022352	-184666.447004	-184286.780272	-187338.709812	-186119.913890	-187500.022352	0.162000	-0.042000	0.994000	192.000000	0.000000	0.000000	0.000000	0.000000	0.000000	0.000000	0.000000	0.000000	0.000000	1730741801.425700	0.000000
108.000000	-187500.022352	-157940.466158	-187500.022352	-184667.229315	-184284.589801	-187348.052841	-186096.198689	-187500.022352	0.162000	-0.042000	0.994000	192.000000	0.000000	0.000000	0.000000	0.000000	0.000000	0.000000	0.000000	0.000000	0.000000	1730741801.425721	0.000000
109.000000	-187500.022352	-158021.938267	-187500.022352	-184665.687044	-184280.432377	-187355.853600	-186072.371730	-187500.022352	0.162000	-0.046000	0.998000	192.000000	5.000000	16.000000	254.000000	144.000000	31.000000	48.000000	0.000000	0.000000	0.000000	1730741801.425741	0.000000
110.000000	-187500.022352	-158102.449251	-187500.022352	-184661.887248	-184274.755034	-187362.268551	-186045.884913	-187500.022352	0.162000	-0.046000	0.998000	192.000000	0.000000	0.000000	0.000000	0.000000	0.000000	0.000000	0.000000	0.000000	0.000000	1730741801.425762	0.000000
111.000000	-187500.022352	-158185.933016	-187500.022352	-184659.406204	-184269.256505	-187367.789432	-186017.721715	-187500.022352	0.162000	-0.046000	0.998000	192.000000	0.000000	0.000000	0.000000	0.000000	0.000000	0.000000	0.000000	0.000000	0.000000	1730741801.425781	0.000000
0.000000	0.000000	0.000000	0.000000	0.000000	0.000000	0.000000	0.000000	0.000000	0.162000	-0.046000	0.998000	192.000000	0.000000	0.000000	0.000000	0.000000	0.000000	0.000000	0.000000	0.000000	0.000000	1730741801.515952	0.000000
1.000000	-187500.022352	-164552.514500	-187500.022352	-184749.975473	-184254.839630	-187500.022352	-185191.824757	-187500.022352	0.158000	-0.054000	0.990000	192.000000	4.000000	240.000000	254.000000	80.000000	30.000000	240.000000	0.000000	0.000000	0.000000	1730741801.531971	0.000000
2.000000	-187500.022352	-164632.958428	-187500.022352	-184746.555656	-184249.475211	-187500.022352	-185134.403126	-187500.022352	0.158000	-0.054000	0.990000	192.000000	0.000000	0.000000	0.000000	0.000000	0.000000	0.000000	0.000000	0.000000	0.000000	1730741802.011621	0.000000
3.000000	-187500.022352	-164696.593844	-187500.022352	-184728.316632	-184260.047586	-187500.022352	-184830.061773	-187500.022352	0.158000	-0.054000	0.990000	192.000000	0.000000	0.000000	0.000000	0.000000	0.000000	0.000000	0.000000	0.000000	0.000000	1730741802.011779	0.000000
4.000000	-187500.022352	-164739.308028	-187500.022352	-184691.480957	-184330.522636	-187500.022352	-184846.467953	-187500.022352	0.158000	-0.054000	0.990000	192.000000	0.000000	0.000000	0.000000	0.000000	0.000000	0.000000	0.000000	0.000000	0.000000	1730741802.011819	0.000000
5.000000	-187500.022352	-164792.169904	-187500.022352	-184660.657902	-184322.230139	-187500.022352	-185114.711239	-187500.022352	0.158000	-0.054000	0.990000	192.000000	0.000000	0.000000	0.000000	0.000000	0.000000	0.000000	0.000000	0.000000	0.000000	1730741802.011905	0.000000
6.000000	-187500.022352	-164842.930715	-187500.022352	-184629.499570	-184289.350723	-187500.022352	-185386.351989	-187500.022352	0.158000	-0.054000	0.990000	192.000000	0.000000	0.000000	0.000000	0.000000	0.000000	0.000000	0.000000	0.000000	0.000000	1730741802.011935	0.000000
7.000000	-187500.022352	-164892.193960	-187500.022352	-184598.721218	-184256.180734	-187500.022352	-185797.758198	-187500.022352	0.158000	-0.054000	0.990000	192.000000	0.000000	0.000000	0.000000	0.000000	0.000000	0.000000	0.000000	0.000000	0.000000	1730741802.011964	0.000000
8.000000	-187500.022352	-164959.763284	-187500.022352	-184582.136224	-184244.848400	-187500.022352	-186274.632665	-187500.022352	0.158000	-0.050000	0.994000	192.000000	4.000000	240.000000	254.000000	112.000000	31.000000	16.000000	0.000000	0.000000	0.000000	1730741802.011992	0.000000
9.000000	-187500.022352	-165035.535697	-187500.022352	-184572.033235	-184315.166988	-187500.022352	-186300.605393	-187500.022352	0.158000	-0.050000	0.994000	192.000000	0.000000	0.000000	0.000000	0.000000	0.000000	0.000000	0.000000	0.000000	0.000000	1730741802.012025	0.000000
10.000000	-187500.022352	-165115.711405	-187500.022352	-184568.211087	-184352.203828	-187500.022352	-186272.419843	-187500.022352	0.158000	-0.050000	0.994000	192.000000	0.000000	0.000000	0.000000	0.000000	0.000000	0.000000	0.000000	0.000000	0.000000	1730741802.012075	0.000000
11.000000	-187500.022352	-165193.964862	-187500.022352	-184563.964255	-184347.174686	-187500.022352	-186245.977729	-187500.022352	0.158000	-0.050000	0.994000	192.000000	0.000000	0.000000	0.000000	0.000000	0.000000	0.000000	0.000000	0.000000	0.000000	1730741802.012107	0.000000
12.000000	-187500.022352	-165274.274680	-187500.022352	-184560.164459	-184341.452639	-187500.022352	-186218.440380	-187500.022352	0.158000	-0.050000	0.994000	192.000000	0.000000	0.000000	0.000000	0.000000	0.000000	0.000000	0.000000	0.000000	0.000000	1730741802.012136	0.000000
13.000000	-187500.022352	-165360.820634	-187500.022352	-184559.337444	-184338.301043	-187500.022352	-186191.931211	-187500.022352	0.158000	-0.050000	0.994000	192.000000	0.000000	0.000000	0.000000	0.000000	0.000000	0.000000	0.000000	0.000000	0.000000	1730741802.012168	0.000000
14.000000	-187500.022352	-165445.421987	-187500.022352	-184558.018691	-184335.261206	-187500.022352	-186167.143126	-187500.022352	0.158000	-0.050000	0.994000	192.000000	0.000000	0.000000	0.000000	0.000000	0.000000	0.000000	0.000000	0.000000	0.000000	1730741802.012199	0.000000
15.000000	-187500.022352	-165525.776509	-187500.022352	-184554.531819	-184330.455581	-187500.022352	-186142.511504	-187500.022352	0.158000	-0.050000	0.994000	192.000000	0.000000	0.000000	0.000000	0.000000	0.000000	0.000000	0.000000	0.000000	0.000000	1730741802.012230	0.000000
16.000000	-187500.022352	-165605.952216	-187500.022352	-184550.463802	-184324.241796	-187500.022352	-186115.130617	-187500.022352	0.158000	-0.050000	0.994000	192.000000	0.000000	0.000000	0.000000	0.000000	0.000000	0.000000	0.000000	0.000000	0.000000	1730741802.012262	0.000000
17.000000	-187500.022352	-165688.474856	-187500.022352	-184546.887523	-184318.720915	-187500.022352	-186087.012123	-187500.022352	0.158000	-0.050000	0.994000	192.000000	0.000000	0.000000	0.000000	0.000000	0.000000	0.000000	0.000000	0.000000	0.000000	1730741802.012295	0.000000
18.000000	-187500.022352	-165773.456189	-187500.022352	-184545.166438	-184316.083409	-187500.022352	-186060.838230	-187500.022352	0.158000	-0.044000	0.992000	192.000000	4.000000	240.000000	254.000000	160.000000	31.000000	0.000000	0.000000	0.000000	0.000000	1730741802.012327	0.000000
19.000000	-187500.022352	-165854.213042	-187500.022352	-184541.813677	-184311.523653	-187500.022352	-186035.781924	-187500.022352	0.158000	-0.044000	0.992000	192.000000	0.000000	0.000000	0.000000	0.000000	0.000000	0.000000	0.000000	0.000000	0.000000	1730741802.012361	0.000000
20.000000	-187500.022352	-165934.388749	-187500.022352	-184538.080935	-184305.980421	-187500.022352	-186009.339811	-187500.022352	0.158000	-0.044000	0.992000	192.000000	0.000000	0.000000	0.000000	0.000000	0.000000	0.000000	0.000000	0.000000	0.000000	1730741802.012408	0.000000
21.000000	-187500.022352	-166019.191267	-187500.022352	-184536.024575	-184302.560604	-187500.022352	-185984.484671	-187500.022352	0.158000	-0.044000	0.992000	192.000000	0.000000	0.000000	0.000000	0.000000	0.000000	0.000000	0.000000	0.000000	0.000000	1730741802.012439	0.000000
22.000000	-187500.022352	-166103.882027	-187500.022352	-184534.974043	-184299.677229	-187500.022352	-185958.578999	-187500.022352	0.158000	-0.044000	0.992000	192.000000	0.000000	0.000000	0.000000	0.000000	0.000000	0.000000	0.000000	0.000000	0.000000	1730741802.012471	0.000000
23.000000	-187500.022352	-166183.633051	-187500.022352	-184532.560054	-184295.430397	-187500.022352	-185933.589749	-187500.022352	0.158000	-0.044000	0.992000	192.000000	0.000000	0.000000	0.000000	0.000000	0.000000	0.000000	0.000000	0.000000	0.000000	1730741802.012504	0.000000
24.000000	-187500.022352	-166261.260660	-187500.022352	-184528.089705	-184289.641296	-187500.022352	-185907.706428	-187500.022352	0.158000	-0.044000	0.992000	192.000000	0.000000	0.000000	0.000000	0.000000	0.000000	0.000000	0.000000	0.000000	0.000000	1730741802.012533	0.000000
25.000000	-187500.022352	-166343.403321	-187500.022352	-184523.708764	-184282.242868	-187500.022352	-185879.610286	-187500.022352	0.158000	-0.044000	0.992000	192.000000	0.000000	0.000000	0.000000	0.000000	0.000000	0.000000	0.000000	0.000000	0.000000	1730741802.012570	0.000000
26.000000	-187500.022352	-166428.831688	-187500.022352	-184522.121790	-184277.549002	-187500.022352	-185853.682262	-187500.022352	0.158000	-0.044000	0.992000	192.000000	0.000000	0.000000	0.000000	0.000000	0.000000	0.000000	0.000000	0.000000	0.000000	1730741802.012598	0.000000
27.000000	-187500.022352	-166511.421384	-187500.022352	-184519.618394	-184274.062130	-187500.022352	-185829.698840	-187500.022352	0.158000	-0.044000	0.992000	192.000000	0.000000	0.000000	0.000000	0.000000	0.000000	0.000000	0.000000	0.000000	0.000000	1730741802.012624	0.000000
28.000000	-187500.022352	-166591.775905	-187500.022352	-184515.438618	-184268.809470	-187500.022352	-185804.150796	-187500.022352	0.156000	-0.046000	0.994000	192.000000	4.000000	224.000000	254.000000	144.000000	31.000000	16.000000	0.000000	0.000000	0.000000	1730741802.012652	0.000000
29.000000	-187500.022352	-166674.924394	-187500.022352	-184513.292851	-184264.562638	-187500.022352	-185777.954552	-187500.022352	0.156000	-0.046000	0.994000	192.000000	0.000000	0.000000	0.000000	0.000000	0.000000	0.000000	0.000000	0.000000	0.000000	1730741802.012681	0.000000
30.000000	-187500.022352	-166758.005829	-187500.022352	-184510.990621	-184264.406176	-187500.022352	-185750.975996	-187500.022352	0.156000	-0.046000	0.994000	192.000000	0.000000	0.000000	0.000000	0.000000	0.000000	0.000000	0.000000	0.000000	0.000000	1730741802.012707	0.000000
31.000000	-187500.022352	-166831.386606	-187500.022352	-184501.781702	-184328.443924	-187500.022352	-185719.281223	-187500.022352	0.156000	-0.046000	0.994000	192.000000	0.000000	0.000000	0.000000	0.000000	0.000000	0.000000	0.000000	0.000000	0.000000	1730741802.012734	0.000000
32.000000	-187500.022352	-166906.041432	-187500.022352	-184493.288039	-184367.738291	-187500.022352	-185691.006266	-187500.022352	0.156000	-0.046000	0.994000	192.000000	0.000000	0.000000	0.000000	0.000000	0.000000	0.000000	0.000000	0.000000	0.000000	1730741802.012758	0.000000
33.000000	-187500.022352	-166986.127733	-187500.022352	-184487.968324	-184360.965712	-187500.022352	-185662.664254	-187500.022352	0.156000	-0.046000	0.994000	192.000000	0.000000	0.000000	0.000000	0.000000	0.000000	0.000000	0.000000	0.000000	0.000000	1730741802.012782	0.000000
34.000000	-187500.022352	-167070.773789	-187500.022352	-184486.291943	-184357.344730	-187500.022352	-185636.535065	-187500.022352	0.156000	-0.046000	0.994000	192.000000	0.000000	0.000000	0.000000	0.000000	0.000000	0.000000	0.000000	0.000000	0.000000	1730741802.012820	0.000000
35.000000	-187500.022352	-167152.759987	-187500.022352	-184484.414397	-184353.880209	-187500.022352	-185612.216367	-187500.022352	0.156000	-0.046000	0.994000	192.000000	0.000000	0.000000	0.000000	0.000000	0.000000	0.000000	0.000000	0.000000	0.000000	1730741802.012846	0.000000
36.000000	-187500.022352	-167230.968741	-187500.022352	-184480.212269	-184349.007529	-187500.022352	-185587.808262	-187500.022352	0.156000	-0.046000	0.994000	192.000000	0.000000	0.000000	0.000000	0.000000	0.000000	0.000000	0.000000	0.000000	0.000000	1730741802.012873	0.000000
37.000000	-187500.022352	-167311.345614	-187500.022352	-184476.367769	-184344.537180	-187500.022352	-185562.439032	-187500.022352	0.156000	-0.046000	0.994000	192.000000	0.000000	0.000000	0.000000	0.000000	0.000000	0.000000	0.000000	0.000000	0.000000	1730741802.012899	0.000000
38.000000	-187500.022352	-167395.723450	-187500.022352	-184474.870202	-184340.290349	-187500.022352	-185535.929863	-187500.022352	0.158000	-0.050000	0.994000	192.000000	4.000000	240.000000	254.000000	112.000000	31.000000	16.000000	0.000000	0.000000	0.000000	1730741802.012927	0.000000
39.000000	-187500.022352	-167477.195558	-187500.022352	-184473.797318	-184336.691718	-187500.022352	-185511.901738	-187500.022352	0.158000	-0.050000	0.994000	192.000000	0.000000	0.000000	0.000000	0.000000	0.000000	0.000000	0.000000	0.000000	0.000000	1730741802.012956	0.000000
40.000000	-187500.022352	-167553.884393	-187500.022352	-184469.416376	-184331.617872	-187500.022352	-185486.756025	-187500.022352	0.158000	-0.050000	0.994000	192.000000	0.000000	0.000000	0.000000	0.000000	0.000000	0.000000	0.000000	0.000000	0.000000	1730741802.012984	0.000000
41.000000	-187500.022352	-167632.093147	-187500.022352	-184463.336702	-184323.817113	-187500.022352	-185458.391661	-187500.022352	0.158000	-0.050000	0.994000	192.000000	0.000000	0.000000	0.000000	0.000000	0.000000	0.000000	0.000000	0.000000	0.000000	1730741802.013003	0.000000
42.000000	-187500.022352	-167715.599265	-187500.022352	-184460.788603	-184318.229177	-187500.022352	-185431.077830	-187500.022352	0.158000	-0.050000	0.994000	192.000000	0.000000	0.000000	0.000000	0.000000	0.000000	0.000000	0.000000	0.000000	0.000000	1730741802.013023	0.000000
43.000000	-187500.022352	-167800.267673	-187500.022352	-184459.313388	-184315.882244	-187500.022352	-185406.088579	-187500.022352	0.158000	-0.050000	0.994000	192.000000	0.000000	0.000000	0.000000	0.000000	0.000000	0.000000	0.000000	0.000000	0.000000	1730741802.013042	0.000000
44.000000	-187500.022352	-167880.063400	-187500.022352	-184455.312426	-184312.238909	-187500.022352	-185382.731006	-187500.022352	0.158000	-0.050000	0.994000	192.000000	0.000000	0.000000	0.000000	0.000000	0.000000	0.000000	0.000000	0.000000	0.000000	1730741802.013062	0.000000
45.000000	-187500.022352	-167960.082645	-187500.022352	-184451.691443	-184307.098008	-187500.022352	-185357.965274	-187500.022352	0.158000	-0.050000	0.994000	192.000000	0.000000	0.000000	0.000000	0.000000	0.000000	0.000000	0.000000	0.000000	0.000000	1730741802.013081	0.000000
46.000000	-187500.022352	-168044.058149	-187500.022352	-184449.299806	-184301.666534	-187500.022352	-185331.031422	-187500.022352	0.158000	-0.050000	0.994000	192.000000	0.000000	0.000000	0.000000	0.000000	0.000000	0.000000	0.000000	0.000000	0.000000	1730741802.013100	0.000000
47.000000	-187500.022352	-168128.950075	-187500.022352	-184448.226923	-184298.894918	-187500.022352	-185305.930413	-187500.022352	0.158000	-0.050000	0.994000	192.000000	0.000000	0.000000	0.000000	0.000000	0.000000	0.000000	0.000000	0.000000	0.000000	1730741802.013120	0.000000
48.000000	-187500.022352	-168208.835209	-187500.022352	-184444.494181	-184294.469272	-187500.022352	-185280.807052	-187500.022352	0.160000	-0.048000	0.994000	192.000000	5.000000	0.000000	254.000000	128.000000	31.000000	16.000000	0.000000	0.000000	0.000000	1730741802.013139	0.000000
49.000000	-187500.022352	-168285.300527	-187500.022352	-184437.766306	-184287.204955	-187500.022352	-185253.873200	-187500.022352	0.160000	-0.048000	0.994000	192.000000	0.000000	0.000000	0.000000	0.000000	0.000000	0.000000	0.000000	0.000000	0.000000	1730741802.013167	0.000000
50.000000	-187500.022352	-168364.202185	-187500.022352	-184433.161847	-184284.031008	-187500.022352	-185221.485522	-187500.022352	0.160000	-0.048000	0.994000	192.000000	0.000000	0.000000	0.000000	0.000000	0.000000	0.000000	0.000000	0.000000	0.000000	1730741802.013187	0.000000
51.000000	-187500.022352	-168434.632532	-187500.022352	-184420.153132	-184348.560494	-187500.022352	-184997.655153	-187500.022352	0.160000	-0.048000	0.994000	192.000000	0.000000	0.000000	0.000000	0.000000	0.000000	0.000000	0.000000	0.000000	0.000000	1730741802.013206	0.000000
52.000000	-187500.022352	-168487.874387	-187500.022352	-184383.585678	-184377.751872	-187500.022352	-184829.614738	-187500.022352	0.160000	-0.048000	0.994000	192.000000	0.000000	0.000000	0.000000	0.000000	0.000000	0.000000	0.000000	0.000000	0.000000	1730741802.013226	0.000000
53.000000	-187500.022352	-168526.811126	-187500.022352	-184294.111645	-184337.764601	-187500.022352	-185061.625846	-187500.022352	0.160000	-0.048000	0.994000	192.000000	0.000000	0.000000	0.000000	0.000000	0.000000	0.000000	0.000000	0.000000	0.000000	1730741802.013245	0.000000
54.000000	-187500.022352	-168551.800376	-187500.022352	-184474.110243	-184285.930906	-187500.022352	-185305.908061	-187500.022352	0.160000	-0.048000	0.994000	192.000000	0.000000	0.000000	0.000000	0.000000	0.000000	0.000000	0.000000	0.000000	0.000000	1730741802.013265	0.000000
55.000000	-187500.022352	-168583.495150	-187500.022352	-184739.760725	-184325.471142	-187500.022352	-185585.908364	-187500.022352	0.160000	-0.048000	0.994000	192.000000	0.000000	0.000000	0.000000	0.000000	0.000000	0.000000	0.000000	0.000000	0.000000	1730741802.013290	0.000000
56.000000	-187500.022352	-168639.575677	-187500.022352	-184754.602284	-184366.330131	-187500.022352	-186123.557225	-187500.022352	0.160000	-0.048000	0.994000	192.000000	0.000000	0.000000	0.000000	0.000000	0.000000	0.000000	0.000000	0.000000	0.000000	1730741802.013310	0.000000
57.000000	-187500.022352	-168713.627006	-187500.022352	-184744.856923	-184358.507020	-187500.022352	-186340.547960	-187500.022352	0.160000	-0.048000	0.994000	192.000000	0.000000	0.000000	0.000000	0.000000	0.000000	0.000000	0.000000	0.000000	0.000000	1730741802.013330	0.000000
58.000000	-187500.022352	-168793.981528	-187500.022352	-184739.939539	-184352.136773	-187500.022352	-186314.821102	-187500.022352	0.158000	-0.048000	0.998000	192.000000	4.000000	240.000000	254.000000	128.000000	31.000000	48.000000	0.000000	0.000000	0.000000	1730741802.013350	0.000000
59.000000	-187500.022352	-168878.985212	-187500.022352	-184737.324385	-184347.398203	-187500.022352	-186286.993180	-187500.022352	0.158000	-0.048000	0.998000	192.000000	0.000000	0.000000	0.000000	0.000000	0.000000	0.000000	0.000000	0.000000	0.000000	1730741802.013371	0.000000
60.000000	-187500.022352	-168962.111349	-187500.022352	-184734.753935	-184343.710165	-187500.022352	-186261.422784	-187500.022352	0.158000	-0.048000	0.998000	192.000000	0.000000	0.000000	0.000000	0.000000	0.000000	0.000000	0.000000	0.000000	0.000000	1730741802.013391	0.000000
61.000000	-187500.022352	-169041.951781	-187500.022352	-184731.132952	-184339.731555	-187500.022352	-186237.752287	-187500.022352	0.158000	-0.048000	0.998000	192.000000	0.000000	0.000000	0.000000	0.000000	0.000000	0.000000	0.000000	0.000000	0.000000	1730741802.013411	0.000000
62.000000	-187500.022352	-169120.808735	-187500.022352	-184727.020231	-184333.875398	-187500.022352	-186210.840787	-187500.022352	0.158000	-0.048000	0.998000	192.000000	0.000000	0.000000	0.000000	0.000000	0.000000	0.000000	0.000000	0.000000	0.000000	1730741802.013431	0.000000
63.000000	-187500.022352	-169204.136038	-187500.022352	-184723.533359	-184328.510979	-187500.022352	-186182.834051	-187500.022352	0.158000	-0.048000	0.998000	192.000000	0.000000	0.000000	0.000000	0.000000	0.000000	0.000000	0.000000	0.000000	0.000000	1730741802.013450	0.000000
64.000000	-187500.022352	-169288.603281	-187500.022352	-184721.320536	-184324.599424	-187500.022352	-186157.397766	-187500.022352	0.158000	-0.048000	0.998000	192.000000	0.000000	0.000000	0.000000	0.000000	0.000000	0.000000	0.000000	0.000000	0.000000	1730741802.013479	0.000000
65.000000	-187500.022352	-169367.035552	-187500.022352	-184716.224339	-184318.653860	-187500.022352	-186131.067411	-187500.022352	0.158000	-0.048000	0.998000	192.000000	0.000000	0.000000	0.000000	0.000000	0.000000	0.000000	0.000000	0.000000	0.000000	1730741802.013498	0.000000
66.000000	-187500.022352	-169445.467823	-187500.022352	-184710.032905	-184311.791874	-187500.022352	-186104.290021	-187500.022352	0.158000	-0.048000	0.998000	192.000000	0.000000	0.000000	0.000000	0.000000	0.000000	0.000000	0.000000	0.000000	0.000000	1730741802.013519	0.000000
67.000000	-187500.022352	-169527.945760	-187500.022352	-184706.680144	-184306.494511	-187500.022352	-186077.199707	-187500.022352	0.158000	-0.048000	0.998000	192.000000	0.000000	0.000000	0.000000	0.000000	0.000000	0.000000	0.000000	0.000000	0.000000	1730741802.013539	0.000000
68.000000	-187500.022352	-169611.585988	-187500.022352	-184705.562556	-184303.767598	-187500.022352	-186052.188105	-187500.022352	0.162000	-0.050000	1.002000	192.000000	5.000000	16.000000	254.000000	112.000000	31.000000	80.000000	0.000000	0.000000	0.000000	1730741802.013559	0.000000
69.000000	-187500.022352	-169693.080448	-187500.022352	-184703.282679	-184301.577127	-187500.022352	-186028.785828	-187500.022352	0.162000	-0.050000	1.002000	192.000000	0.000000	0.000000	0.000000	0.000000	0.000000	0.000000	0.000000	0.000000	0.000000	1730741802.013592	0.000000
70.000000	-187500.022352	-169772.272679	-187500.022352	-184697.985315	-184295.653915	-187500.022352	-186002.433121	-187500.022352	0.162000	-0.050000	1.002000	192.000000	0.000000	0.000000	0.000000	0.000000	0.000000	0.000000	0.000000	0.000000	0.000000	1730741802.013618	0.000000
71.000000	-187500.022352	-169853.744787	-187500.022352	-184693.984353	-184290.200089	-187500.022352	-185973.979351	-187500.022352	0.162000	-0.050000	1.002000	192.000000	0.000000	0.000000	0.000000	0.000000	0.000000	0.000000	0.000000	0.000000	0.000000	1730741802.013644	0.000000
72.000000	-187500.022352	-169937.116794	-187500.022352	-184691.659771	-184286.422644	-187500.022352	-185948.096031	-187500.022352	0.162000	-0.050000	1.002000	192.000000	0.000000	0.000000	0.000000	0.000000	0.000000	0.000000	0.000000	0.000000	0.000000	1730741802.013671	0.000000
73.000000	-187500.022352	-170013.135077	-187500.022352	-184684.663675	-184294.066941	-187500.022352	-185919.150522	-187500.022352	0.162000	-0.050000	1.002000	192.000000	0.000000	0.000000	0.000000	0.000000	0.000000	0.000000	0.000000	0.000000	0.000000	1730741802.013698	0.000000
74.000000	-187500.022352	-170082.939575	-187500.022352	-184670.313855	-184375.740215	-187500.022352	-185884.281800	-187500.022352	0.162000	-0.050000	1.002000	192.000000	0.000000	0.000000	0.000000	0.000000	0.000000	0.000000	0.000000	0.000000	0.000000	1730741802.013718	0.000000
75.000000	-187500.022352	-170163.092931	-187500.022352	-184663.898905	-184398.896623	-187500.022352	-185854.889256	-187500.022352	0.162000	-0.050000	1.002000	192.000000	0.000000	0.000000	0.000000	0.000000	0.000000	0.000000	0.000000	0.000000	0.000000	1730741802.013739	0.000000
76.000000	-187500.022352	-170248.007208	-187500.022352	-184662.535448	-184394.850957	-187500.022352	-185828.871826	-187500.022352	0.162000	-0.050000	1.002000	192.000000	0.000000	0.000000	0.000000	0.000000	0.000000	0.000000	0.000000	0.000000	0.000000	1730741802.013761	0.000000
77.000000	-187500.022352	-170330.105165	-187500.022352	-184660.523791	-184392.414617	-187500.022352	-185805.961288	-187500.022352	0.162000	-0.050000	1.002000	192.000000	0.000000	0.000000	0.000000	0.000000	0.000000	0.000000	0.000000	0.000000	0.000000	1730741802.013790	0.000000
78.000000	-187500.022352	-170408.515085	-187500.022352	-184655.338187	-184387.497233	-187500.022352	-185780.614410	-187500.022352	0.162000	-0.048000	1.004000	192.000000	5.000000	16.000000	254.000000	128.000000	31.000000	96.000000	0.000000	0.000000	0.000000	1730741802.013818	0.000000
79.000000	-187500.022352	-170490.836560	-187500.022352	-184650.577265	-184381.194041	-187500.022352	-185753.993482	-187500.022352	0.162000	-0.048000	1.004000	192.000000	0.000000	0.000000	0.000000	0.000000	0.000000	0.000000	0.000000	0.000000	0.000000	1730741802.013858	0.000000
80.000000	-187500.022352	-170576.153168	-187500.022352	-184648.409146	-184376.924858	-187500.022352	-185727.506665	-187500.022352	0.162000	-0.048000	1.004000	192.000000	0.000000	0.000000	0.000000	0.000000	0.000000	0.000000	0.000000	0.000000	0.000000	1730741802.013884	0.000000
81.000000	-187500.022352	-170657.290001	-187500.022352	-184645.525771	-184371.649846	-187500.022352	-185702.070380	-187500.022352	0.162000	-0.048000	1.004000	192.000000	0.000000	0.000000	0.000000	0.000000	0.000000	0.000000	0.000000	0.000000	0.000000	1730741802.013913	0.000000
82.000000	-187500.022352	-170733.956484	-187500.022352	-184640.094297	-184364.832564	-187500.022352	-185676.432929	-187500.022352	0.162000	-0.048000	1.004000	192.000000	0.000000	0.000000	0.000000	0.000000	0.000000	0.000000	0.000000	0.000000	0.000000	1730741802.013940	0.000000
83.000000	-187500.022352	-170813.394584	-187500.022352	-184634.908692	-184358.663483	-187500.022352	-185648.828524	-187500.022352	0.162000	-0.048000	1.004000	192.000000	0.000000	0.000000	0.000000	0.000000	0.000000	0.000000	0.000000	0.000000	0.000000	1730741802.013968	0.000000
84.000000	-187500.022352	-170896.923053	-187500.022352	-184632.427649	-184355.087203	-187500.022352	-185622.498169	-187500.022352	0.162000	-0.048000	1.004000	192.000000	0.000000	0.000000	0.000000	0.000000	0.000000	0.000000	0.000000	0.000000	0.000000	1730741802.014006	0.000000
85.000000	-187500.022352	-170980.563281	-187500.022352	-184631.131247	-184353.723747	-187500.022352	-185599.766445	-187500.022352	0.162000	-0.048000	1.004000	192.000000	0.000000	0.000000	0.000000	0.000000	0.000000	0.000000	0.000000	0.000000	0.000000	1730741802.014033	0.000000
86.000000	-187500.022352	-171059.822566	-187500.022352	-184626.839712	-184349.163991	-187500.022352	-185575.246581	-187500.022352	0.162000	-0.048000	1.004000	192.000000	0.000000	0.000000	0.000000	0.000000	0.000000	0.000000	0.000000	0.000000	0.000000	1730741802.014067	0.000000
87.000000	-187500.022352	-171139.148908	-187500.022352	-184622.279957	-184342.905503	-187500.022352	-185548.737413	-187500.022352	0.162000	-0.048000	1.004000	192.000000	0.000000	0.000000	0.000000	0.000000	0.000000	0.000000	0.000000	0.000000	0.000000	1730741802.014094	0.000000
88.000000	-187500.022352	-171223.124411	-187500.022352	-184618.390753	-184337.496381	-187500.022352	-185521.714153	-187500.022352	0.162000	-0.052000	1.004000	192.000000	5.000000	16.000000	254.000000	96.000000	31.000000	96.000000	0.000000	0.000000	0.000000	1730741802.014119	0.000000
89.000000	-187500.022352	-171306.250549	-187500.022352	-184615.015640	-184332.511941	-187500.022352	-185495.137929	-187500.022352	0.162000	-0.052000	1.004000	192.000000	0.000000	0.000000	0.000000	0.000000	0.000000	0.000000	0.000000	0.000000	0.000000	1730741802.014148	0.000000
90.000000	-187500.022352	-171385.733352	-187500.022352	-184610.679401	-184326.588729	-187500.022352	-185469.366368	-187500.022352	0.162000	-0.052000	1.004000	192.000000	0.000000	0.000000	0.000000	0.000000	0.000000	0.000000	0.000000	0.000000	0.000000	1730741802.014175	0.000000
91.000000	-187500.022352	-171466.534909	-187500.022352	-184604.666782	-184320.799627	-187500.022352	-185442.968958	-187500.022352	0.162000	-0.052000	1.004000	192.000000	0.000000	0.000000	0.000000	0.000000	0.000000	0.000000	0.000000	0.000000	0.000000	1730741802.014199	0.000000
92.000000	-187500.022352	-171550.689226	-187500.022352	-184600.956392	-184316.530444	-187500.022352	-185416.951527	-187500.022352	0.162000	-0.052000	1.004000	192.000000	0.000000	0.000000	0.000000	0.000000	0.000000	0.000000	0.000000	0.000000	0.000000	1730741802.014224	0.000000
93.000000	-187500.022352	-171637.972789	-187500.022352	-184600.487006	-184314.205863	-187500.022352	-185393.012809	-187500.022352	0.162000	-0.052000	1.004000	192.000000	0.000000	0.000000	0.000000	0.000000	0.000000	0.000000	0.000000	0.000000	0.000000	1730741802.014263	0.000000
94.000000	-187500.022352	-171720.540133	-187500.022352	-184597.178948	-184309.936680	-187500.022352	-185368.180021	-187500.022352	0.162000	-0.052000	1.004000	192.000000	0.000000	0.000000	0.000000	0.000000	0.000000	0.000000	0.000000	0.000000	0.000000	1730741802.014292	0.000000
95.000000	-187500.022352	-171797.050154	-187500.022352	-184589.624058	-184311.322488	-187500.022352	-185340.173285	-187500.022352	0.162000	-0.052000	1.004000	192.000000	0.000000	0.000000	0.000000	0.000000	0.000000	0.000000	0.000000	0.000000	0.000000	1730741802.014315	0.000000
96.000000	-187500.022352	-171869.201585	-187500.022352	-184577.576468	-184385.038541	-187500.022352	-185305.036343	-187500.022352	0.162000	-0.052000	1.004000	192.000000	0.000000	0.000000	0.000000	0.000000	0.000000	0.000000	0.000000	0.000000	0.000000	1730741802.014341	0.000000
97.000000	-187500.022352	-171949.019664	-187500.022352	-184572.189697	-184415.794541	-187500.022352	-185275.777909	-187500.022352	0.162000	-0.052000	1.004000	192.000000	0.000000	0.000000	0.000000	0.000000	0.000000	0.000000	0.000000	0.000000	0.000000	1730741802.014367	0.000000
98.000000	-187500.022352	-172028.278950	-187500.022352	-184568.702825	-184411.413599	-187500.022352	-185250.542790	-187500.022352	0.160000	-0.046000	1.000000	192.000000	5.000000	0.000000	254.000000	144.000000	31.000000	64.000000	0.000000	0.000000	0.000000	1730741802.014393	0.000000
99.000000	-187500.022352	-172105.839504	-187500.022352	-184562.578447	-184405.110407	-187500.022352	-185192.204737	-187500.022352	0.160000	-0.046000	1.000000	192.000000	0.000000	0.000000	0.000000	0.000000	0.000000	0.000000	0.000000	0.000000	0.000000	1730741802.014429	0.000000
100.000000	-187500.022352	-172177.923879	-187500.022352	-184548.921531	-184389.620649	-187500.022352	-184892.356085	-187500.022352	0.160000	-0.046000	1.000000	192.000000	0.000000	0.000000	0.000000	0.000000	0.000000	0.000000	0.000000	0.000000	0.000000	1730741802.014457	0.000000
101.000000	-187500.022352	-172235.077290	-187500.022352	-184522.680583	-184360.921009	-187500.022352	-184919.669917	-187500.022352	0.160000	-0.046000	1.000000	192.000000	0.000000	0.000000	0.000000	0.000000	0.000000	0.000000	0.000000	0.000000	0.000000	1730741802.014482	0.000000
102.000000	-187500.022352	-172284.720514	-187500.022352	-184491.879879	-184327.616909	-187500.022352	-185189.500176	-187500.022352	0.160000	-0.046000	1.000000	192.000000	0.000000	0.000000	0.000000	0.000000	0.000000	0.000000	0.000000	0.000000	0.000000	1730741802.014508	0.000000
103.000000	-187500.022352	-172324.819544	-187500.022352	-184453.390176	-184326.879302	-187500.022352	-185453.720147	-187500.022352	0.160000	-0.046000	1.000000	192.000000	0.000000	0.000000	0.000000	0.000000	0.000000	0.000000	0.000000	0.000000	0.000000	1730741802.014529	0.000000
104.000000	-187500.022352	-172367.913707	-187500.022352	-184401.109445	-184383.764492	-187500.022352	-185853.011710	-187500.022352	0.160000	-0.046000	1.000000	192.000000	0.000000	0.000000	0.000000	0.000000	0.000000	0.000000	0.000000	0.000000	0.000000	1730741802.014558	0.000000
105.000000	-187500.022352	-172429.112784	-187500.022352	-184336.289386	-184371.828660	-187500.022352	-186320.386686	-187500.022352	0.160000	-0.046000	1.000000	192.000000	0.000000	0.000000	0.000000	0.000000	0.000000	0.000000	0.000000	0.000000	0.000000	1730741802.014589	0.000000
106.000000	-187500.022352	-172490.490674	-187500.022352	-184585.734854	-184347.398203	-187500.022352	-186336.792867	-187500.022352	0.160000	-0.046000	1.000000	192.000000	0.000000	0.000000	0.000000	0.000000	0.000000	0.000000	0.000000	0.000000	0.000000	1730741802.014619	0.000000
107.000000	-187500.022352	-172561.680980	-187500.022352	-184826.418439	-184334.277729	-187500.022352	-186302.594698	-187500.022352	0.160000	-0.046000	1.000000	192.000000	0.000000	0.000000	0.000000	0.000000	0.000000	0.000000	0.000000	0.000000	0.000000	1730741802.014651	0.000000
108.000000	-187500.022352	-172641.834336	-187500.022352	-184837.124924	-184327.840427	-187500.022352	-186275.057349	-187500.022352	0.160000	-0.054000	0.998000	192.000000	5.000000	0.000000	254.000000	80.000000	31.000000	48.000000	0.000000	0.000000	0.000000	1730741802.014707	0.000000
109.000000	-187500.022352	-172727.486220	-187500.022352	-184833.995680	-184324.420610	-187500.022352	-186248.324662	-187500.022352	0.160000	-0.054000	0.998000	192.000000	0.000000	0.000000	0.000000	0.000000	0.000000	0.000000	0.000000	0.000000	0.000000	1730741802.014741	0.000000
110.000000	-187500.022352	-172810.902931	-187500.022352	-184831.134657	-184321.224311	-187500.022352	-186223.178950	-187500.022352	0.160000	-0.054000	0.998000	192.000000	0.000000	0.000000	0.000000	0.000000	0.000000	0.000000	0.000000	0.000000	0.000000	1730741802.014772	0.000000
111.000000	-187500.022352	-172890.519844	-187500.022352	-184825.546721	-184316.195168	-187500.022352	-186197.832072	-187500.022352	0.160000	-0.054000	0.998000	192.000000	0.000000	0.000000	0.000000	0.000000	0.000000	0.000000	0.000000	0.000000	0.000000	1730741802.014804	0.000000
112.000000	-187500.022352	-172969.801482	-187500.022352	-184819.310584	-184308.774389	-187500.022352	-186169.892391	-187500.022352	0.160000	-0.054000	0.998000	192.000000	0.000000	0.000000	0.000000	0.000000	0.000000	0.000000	0.000000	0.000000	0.000000	1730741802.014836	0.000000
113.000000	-187500.022352	-173050.647742	-187500.022352	-184812.538005	-184308.886148	-187500.022352	-186138.979928	-187500.022352	0.160000	-0.054000	0.998000	192.000000	0.000000	0.000000	0.000000	0.000000	0.000000	0.000000	0.000000	0.000000	0.000000	1730741802.014866	0.000000
114.000000	-187500.022352	-173126.844838	-187500.022352	-184802.859700	-184381.395207	-187500.022352	-186105.497015	-187500.022352	0.160000	-0.054000	0.998000	192.000000	0.000000	0.000000	0.000000	0.000000	0.000000	0.000000	0.000000	0.000000	0.000000	1730741802.015071	0.000000
115.000000	-187500.022352	-173204.517150	-187500.022352	-184796.422398	-184412.486483	-187500.022352	-186078.607867	-187500.022352	0.160000	-0.054000	0.998000	192.000000	0.000000	0.000000	0.000000	0.000000	0.000000	0.000000	0.000000	0.000000	0.000000	1730741802.015104	0.000000
116.000000	-187500.022352	-173284.446989	-187500.022352	-184789.962744	-184406.406809	-187500.022352	-186052.076346	-187500.022352	0.160000	-0.054000	0.998000	192.000000	0.000000	0.000000	0.000000	0.000000	0.000000	0.000000	0.000000	0.000000	0.000000	1730741802.015137	0.000000
117.000000	-187500.022352	-173369.249507	-187500.022352	-184786.252354	-184401.690591	-187500.022352	-186025.991860	-187500.022352	0.160000	-0.054000	0.998000	192.000000	0.000000	0.000000	0.000000	0.000000	0.000000	0.000000	0.000000	0.000000	0.000000	1730741802.015170	0.000000
118.000000	-187500.022352	-173455.750758	-187500.022352	-184784.531270	-184397.846091	-187500.022352	-186000.309706	-187500.022352	0.156000	-0.054000	1.002000	192.000000	4.000000	224.000000	254.000000	80.000000	31.000000	80.000000	0.000000	0.000000	0.000000	1730741802.015200	0.000000
119.000000	-187500.022352	-173537.848716	-187500.022352	-184781.334970	-184392.839300	-187500.022352	-185975.342807	-187500.022352	0.156000	-0.054000	1.002000	192.000000	0.000000	0.000000	0.000000	0.000000	0.000000	0.000000	0.000000	0.000000	0.000000	1730741802.015229	0.000000
120.000000	-187500.022352	-173616.035118	-187500.022352	-184775.791738	-184385.820852	-187500.022352	-185949.124211	-187500.022352	0.156000	-0.054000	1.002000	192.000000	0.000000	0.000000	0.000000	0.000000	0.000000	0.000000	0.000000	0.000000	0.000000	1730741802.015292	0.000000
121.000000	-187500.022352	-173697.440171	-187500.022352	-184770.337912	-184378.891811	-187500.022352	-185920.715144	-187500.022352	0.156000	-0.054000	1.002000	192.000000	0.000000	0.000000	0.000000	0.000000	0.000000	0.000000	0.000000	0.000000	0.000000	1730741802.015320	0.000000
122.000000	-187500.022352	-173783.449684	-187500.022352	-184767.543944	-184374.667332	-187500.022352	-185893.781292	-187500.022352	0.156000	-0.054000	1.002000	192.000000	0.000000	0.000000	0.000000	0.000000	0.000000	0.000000	0.000000	0.000000	0.000000	1730741802.015347	0.000000
